"ID","?NAME","EMAIL","TITLE","COMPANY","STREET","CITY","STATE","ZIP","PHONE","STATUS"
"0034600001P2fhoAAB","Mr. Kirk Lackey","kirk@nowhere.com","Special Event Manager","House of Blues Boston","15 Lansdowne St","Boston","MA","2215","8886932583","Item Created"
"0034600001P2fhpAAB","Mr. Paul Kranz","paul@nowhere.com","Chairman","Tallahassee Summer Rocks!","1688 Morgan St","Tallahassee","FL","32303","850-514-1987","Item Created"
"0034600001P2fhqAAB","Ms. Betty Whatley","betty@nowhere.com","Band Manager","The Turning Rocks","147 Saint Marys Avenue","Syracuse","NY","13202","315-835-3415","Item Created"
"0034600001P2fhrAAB","Mrs. Elizabeth Henderson","liz@nowhere.com","Procurement Manager","Fathom Events","2338 Argonne Street","Philadelphia","DE","19103","302-338-1342","Item Created"
"0034600001P2fhsAAB","Ms. Kim Th? Qu?nh H??ng","kim@nowhere.com","Cultural Events Director","Asian Culture Initiative of Arizona","4560 Skips Lane","Somerton","AZ","85350","928-627-8784","Item Created"
"0034600001P2fhtAAB","Ms. Gloria Carter","gloria@nowhere.com","Box Office Manager","Greenfield Garden Cinemas","361 Main Street","Greenfield","MA","1301","413-774-4881","Item Created"
"0034600001P2fhuAAB","Dr. Steven Blanco","steve@nowhere.com","Mayor","City of Greenbelt","1042 Wilmar Farm Rd","Greenbelt","MD","20770","240-281-4627","Item Created"
"0034600001P2fhvAAB","Mr. Michael Norman","mike@nowhere.com","Principal","Mineral Wells High School","1875 Alexander Drive","Mineral Wells","TX","76067","940-325-9173","Item Created"
"0034600001P2fhwAAB","Mr. Todd Adams","todd@nowhere.com","Property Manager","Mall Grand Rapids","317 Echo Lane","Grand Rapids","MI","49503","269-720-2841","Item Created"
"0034600001P2fhxAAB","Mrs. Wendy Charbonneau","wendy@nowhere.com","Mom","Clay Estates HOA","2001 Rowes Lane","Clay","KY","42404","270-664-2305","Item Created"
"0034600001P2fhyAAB","Michael Davis","miked@nowhere.com","Event Manager","Vermont Syrup and Rap Festival","1190 Buck Dr","Bradford","VT","5033","802-222-5028","Item Created"
"0034600001P2fhzAAB","Mr. Craig Elkins","craig@nowhere.com","Promoter","Corn Field Hay Ride and Barn Dance","2564 Nutters Barn Lane","Ames","IA","50010","515-817-6155","Item Created"
